Title,Company,Location,Reward,URL
Senior Back End Wizard,joi.studio,ğŸŒ Worldwide,ğŸ’° $20k - $80k,https://remoteok.com/remote-jobs/remote-senior-back-end-wizard-joi-studio-867839
Senior Fullstack Developer,Pupil Labs,ğŸ‡ªğŸ‡º Europe,ğŸ’° $50k - $80k,https://remoteok.com/remote-jobs/remote-senior-fullstack-developer-pupil-labs-830779
Principal Software Engineer,Hiive,Vancouver,ğŸ’° $60k - $100k*,https://remoteok.com/remote-jobs/remote-principal-software-engineer-hiive-882324
Software Engineer,Sezzle,ğŸ‡¨ğŸ‡´ Colombia,ğŸ’° $60k - $105k*,https://remoteok.com/remote-jobs/remote-software-engineer-sezzle-878785
Integrations Team Engineer,CoinLedger,Worldwide,ğŸ’° $63k - $105k*,https://remoteok.com/remote-jobs/remote-integrations-team-engineer-coinledger-879341
Senior Front end Software Engineer,Varsity Tutors,ğŸ‡¨ğŸ‡· Costa Rica,ğŸ’° $60k - $105k*,https://remoteok.com/remote-jobs/remote-senior-front-end-software-engineer-varsity-tutors-876972
Senior Software Engineer Full Stack,TextUs,ğŸŒ Probably worldwide,ğŸ’° $60k - $105k*,https://remoteok.com/remote-jobs/remote-senior-software-engineer-full-stack-textus-876847
Senior Front End Software Engineer,DFINITY,Worldwide,ğŸ’° $60k - $105k*,https://remoteok.com/remote-jobs/remote-senior-front-end-software-engineer-dfinity-876437
Senior Fullstack Engineer,LI.FI,Worldwide,ğŸ’° $63k - $105k*,https://remoteok.com/remote-jobs/remote-senior-fullstack-engineer-li-fi-876436
Fullstack Developer,Diversio,ğŸ‡¨ğŸ‡¦ Canada,ğŸ’° $60k - $100k*,https://remoteok.com/remote-jobs/remote-fullstack-developer-diversio-870650
Fullstack Engineer,LivePerson,ğŸ‡®ğŸ‡± Israel,ğŸ’° $60k - $100k*,https://remoteok.com/remote-jobs/remote-fullstack-engineer-liveperson-868331
Staff Software Development Engineer,FIS Management Services LLC,US WA GRT SEA Virtual,ğŸ’° $58k - $93k*,https://remoteok.com/remote-jobs/remote-staff-software-development-engineer-fis-management-services-llc-868270
Staff Software Engineer,XMTP,Worldwide,ğŸ’° $60k - $100k*,https://remoteok.com/remote-jobs/remote-staff-software-engineer-xmtp-867733
Staff React Native Engineer,Zora,Worldwide,ğŸ’° $63k - $100k*,https://remoteok.com/remote-jobs/remote-staff-react-native-engineer-zora-864809
Sales Development Representative EMEA,TRM Labs,ğŸ‡¬ğŸ‡§ United Kingdom,ğŸ’° $60k - $100k*,https://remoteok.com/remote-jobs/remote-sales-development-representative-emea-trm-labs-863324
Senior Software Developer,Loopio,Toronto Hub,ğŸ’° $60k - $100k*,https://remoteok.com/remote-jobs/remote-senior-software-developer-loopio-862405
Senior Software Engineer,Topia,Dublin, IE,ğŸ’° $60k - $100k*,https://remoteok.com/remote-jobs/remote-senior-software-engineer-topia-860991
Frontend Developer,Neco Finance,Worldwide,ğŸ’° $58k - $100k*,https://remoteok.com/remote-jobs/remote-frontend-developer-neco-finance-860458
Staff Software Engineer Fullstack,Coinbase Developer Platform,ğŸ‡ºğŸ‡¸ United States,ğŸ’° $70k - $100k*,https://remoteok.com/remote-jobs/remote-staff-software-engineer-fullstack-coinbase-developer-platform-858086
Software Development Engineer II Frontend,fabric,ğŸ‡®ğŸ‡³ India,ğŸ’° $60k - $100k*,https://remoteok.com/remote-jobs/remote-software-development-engineer-ii-frontend-fabric-855064
ëª¨ë°”ì¼(react native) ê°œë°œì,ì§€ë°”ì´í¬(gbike),Seoul,í•©ê²©ë³´ìƒê¸ˆ 100ë§Œì›,https://www.wanted.co.kr//wd/233494
ì•±(React Native) ê°œë°œì (ì „ë¬¸ì—° ê°€ëŠ¥),í´ë¼ì¸,Seoul,í•©ê²©ë³´ìƒê¸ˆ 100ë§Œì›,https://www.wanted.co.kr//wd/235088
Front-End Senior ê°œë°œì (React ê¸°ë°˜),ì˜¤í”ˆí”Œëœ,Seoul,í•©ê²©ë³´ìƒê¸ˆ 100ë§Œì›,https://www.wanted.co.kr//wd/208585
React í”„ë¡ íŠ¸ì—”ë“œ ê°œë°œì (3ë…„ ì´ìƒ),ëˆ„ë²¤íŠ¸,Seoul,í•©ê²©ë³´ìƒê¸ˆ 100ë§Œì›,https://www.wanted.co.kr//wd/45003
React Native Developer,ì•„ìš°ë¦„í”Œë˜ë‹›(Liner),Seoul,í•©ê²©ë³´ìƒê¸ˆ 100ë§Œì›,https://www.wanted.co.kr//wd/203589
React Native ëª¨ë°”ì¼ ì•±ê°œë°œì - 3ë…„ì´ìƒ,í—¥ìŠ¬ë€íŠ¸,Seoul,í•©ê²©ë³´ìƒê¸ˆ 100ë§Œì›,https://www.wanted.co.kr//wd/233564
React Native í”„ë¡ íŠ¸ì—”ë“œ ê°œë°œì (3ë…„ ~ 5ë…„),ë¶€ì—”ê¹Œë¯¸ë…¸,Seoul,í•©ê²©ë³´ìƒê¸ˆ 100ë§Œì›,https://www.wanted.co.kr//wd/230224
í”„ë¡ íŠ¸ì—”ë“œ(ReactJS) ê°œë°œì,ì¼ë£¨ë„¥ìŠ¤,Seoul,í•©ê²©ë³´ìƒê¸ˆ 100ë§Œì›,https://www.wanted.co.kr//wd/228793
ëª¨ë°”ì¼(react native) ê°œë°œì,ì§€ë°”ì´í¬(gbike),Seoul,í•©ê²©ë³´ìƒê¸ˆ 100ë§Œì›,https://www.wanted.co.kr//wd/233494
ì•±(React Native) ê°œë°œì (ì „ë¬¸ì—° ê°€ëŠ¥),í´ë¼ì¸,Seoul,í•©ê²©ë³´ìƒê¸ˆ 100ë§Œì›,https://www.wanted.co.kr//wd/235088
Front-End Senior ê°œë°œì (React ê¸°ë°˜),ì˜¤í”ˆí”Œëœ,Seoul,í•©ê²©ë³´ìƒê¸ˆ 100ë§Œì›,https://www.wanted.co.kr//wd/208585
React í”„ë¡ íŠ¸ì—”ë“œ ê°œë°œì (3ë…„ ì´ìƒ),ëˆ„ë²¤íŠ¸,Seoul,í•©ê²©ë³´ìƒê¸ˆ 100ë§Œì›,https://www.wanted.co.kr//wd/45003
React Native Developer,ì•„ìš°ë¦„í”Œë˜ë‹›(Liner),Seoul,í•©ê²©ë³´ìƒê¸ˆ 100ë§Œì›,https://www.wanted.co.kr//wd/203589
React Native ëª¨ë°”ì¼ ì•±ê°œë°œì - 3ë…„ì´ìƒ,í—¥ìŠ¬ë€íŠ¸,Seoul,í•©ê²©ë³´ìƒê¸ˆ 100ë§Œì›,https://www.wanted.co.kr//wd/233564
React Native í”„ë¡ íŠ¸ì—”ë“œ ê°œë°œì (3ë…„ ~ 5ë…„),ë¶€ì—”ê¹Œë¯¸ë…¸,Seoul,í•©ê²©ë³´ìƒê¸ˆ 100ë§Œì›,https://www.wanted.co.kr//wd/230224
í”„ë¡ íŠ¸ì—”ë“œ(ReactJS) ê°œë°œì,ì¼ë£¨ë„¥ìŠ¤,Seoul,í•©ê²©ë³´ìƒê¸ˆ 100ë§Œì›,https://www.wanted.co.kr//wd/228793
íŒ…ì»¤ë·° í”„ë¡ íŠ¸ì—”ë“œ ê°œë°œì(reactjs) (3ë…„ ì´ìƒ),í•´ì¸¨ë§,Seoul,í•©ê²©ë³´ìƒê¸ˆ 100ë§Œì›,https://www.wanted.co.kr//wd/232881
React.js (ê°œë°œì~PM/PL ë¦¬ë”ê¸‰),ë¼ì´ì¦ŒìŠ¤í€˜ì–´,Seoul,í•©ê²©ë³´ìƒê¸ˆ 100ë§Œì›,https://www.wanted.co.kr//wd/222389
ì‹œë‹ˆì–´ ì›¹ í”„ë¡ íŠ¸ì—”ë“œ ì—”ì§€ë‹ˆì–´(React),í”¼ì—í”„ì”¨í…Œí¬ë†€ë¡œì§€ìŠ¤,Seoul,í•©ê²©ë³´ìƒê¸ˆ 100ë§Œì›,https://www.wanted.co.kr//wd/224237
React Native ê°œë°œì,ë±…í¬ì—‘ìŠ¤,Seoul,í•©ê²©ë³´ìƒê¸ˆ 100ë§Œì›,https://www.wanted.co.kr//wd/224620
